name,user_id,password
Joe Rogan,fe878ccf-aba7-4b16-8b5f-847f7db6e0ad,scrypt:32768:8:1$emwVSe8AtpWQxMJ1$f0c66032c5ebf34d6c8d3a64c898245f9a34917ff50b366bb0eb3cd9e4c7b86bef2f05db7b59d27d86b46bc6d7bb46cc912a19182557a0677aaf62dbb14d4e25
Neil deGrasse Tyson,39eab94a-b6f7-40e1-81d7-9be14b7c867d,scrypt:32768:8:1$Z7rJYWqGJzwBnE9c$624a32ceb6b114fd988778c199de8b0233980736825c7a628403f7eb9604fda7854f8aa180f0a5ed85a31006b8124ff2056980017dcf40f6d53f254922e96473
Quentin Tarantino,98806cda-663d-4b4c-8d72-7a1d28ed4f58,scrypt:32768:8:1$UDRD33651gTFL3R2$98085eccfb68a7fa8bf3d552a5802cbf25de08a2061c83829683d4535b71aa7aaa8672c8b7355f34532ff371256a6a92eb2a39419c763359493818bb47d9fd77
Ana Krbavcic,2ff0cd86-9026-4734-b3fe-157ae5fa1a60,scrypt:32768:8:1$pUnTUzjckEDNSsAz$fc3bc11c51fcae3111364187937ff8e7145d742b6c49dcb9d233919b2fd5f163e32c4a51686fc5299a866ac86e17457a31f387565f18dbfc659a138594e451ad
Jordan Peterson,45d4a39e-a9a3-4c27-955a-6d056324c6fd,scrypt:32768:8:1$BXkokEpWObgEEe84$56046a9c0d77ffc74cd2b8081cb12728af440f1e436e3959ad1654cfe52610d3e5ef731ab0160fd272b9b86c72542cfa7b61f126a9c534171bb65748f38bd759
Jeff Bezos,6c1b8973-5ebd-4407-8817-02945bcfa561,scrypt:32768:8:1$YrV7mX6ejYAeuT41$9319df27c39951d6f4e92b41610b1057f22fdbc009e56e9f104c3913bade846a7c1b464e36f2f8742b82e8d34e7822598f08993c730931d195c933c24b064c2d
J.K. Rowling,8bdce8ab-41e9-49db-a3f5-5cbacd5f60d0,scrypt:32768:8:1$UAXRRNdgpgES8lXP$cfd2add22a4131f0312a4c2bf602e79328cc0bfa2b77aa3c9cb09b116b3bf8674c4176adde930bce193b0efdb55ddc2de9d99c2751b3f1c0afc93720a650dd72
Jeff Goldblum,c58998de-48a9-4f9a-9e7a-2ec430fe6e09,scrypt:32768:8:1$mc8G6RaTf9deQKaq$a755a269dddf57399b12e2a7405dd9498d7bb8b7241d417d1d3955c1a9a99579c0d48f4f4d03920cb178e9e2f8615fae593725d74cbb863403f5ed1ccb94f9e9
David Attenborough,aeeb7c42-d2d5-4e4e-8ed3-af313f5d6358,scrypt:32768:8:1$NO0I2hvHVsWhr6Oj$fbb35bad62b0366dc8e6b2e95739a3d31b82fc1af65cd357a2639a55edb169bf1d6f33c45691bafeff68c81f633cd0a7ba10405768c6d986c8456a203e9ce0e3
Emma Watson,ff52c318-95e0-4f1f-89cc-62551c814a83,scrypt:32768:8:1$do6Ew7W13drwTypS$dbd05e429e5fc2ca558a677ceb5453a4b692351b1d1d8d4164d72e70cb656bd51ef544d8c9111613c03668549588eb0177c952872b9d178ed41e0e250977c1fa
Steve Wozniak,16f033ca-2b2c-4745-a537-82999209774c,scrypt:32768:8:1$TxgzzKrZ7EWvDd11$792ad7f1059af896339af82e4719a55d7e61dff45e0948e0f69c7b6c607ade8ec0cdec2fbb9e3d4291e405dfab48a502db52bbd200d463990d5bf6f317478b74
Stephen Hawking,7d6e67f2-5c64-4175-8330-a0d1b2b9c45f,scrypt:32768:8:1$7uHn26AKF87jV3Qr$b55ee1621e11897188083be9c7986bf126855537bcc38a8f5dbc08524029ba8fc147bc94b8a7eb9a43c04f1f8bc340ab85200958cea4d8448ef7002051b23456
Elon Musk,b4dfd93d-a9e0-4bf8-8685-735dbde17ff7,scrypt:32768:8:1$oTZfxejXdGPEp1NF$819309752c1396f2edbc8a13eae040ff862ec9730ed1dd5210d92ff34caa51c79626d35d2779c23113468d52a43e2d13671f1a4967a4a9660c67f7edf7882e89
James Cameron,a0a79e14-2ea9-4924-a992-6d5e1d7ad0ab,scrypt:32768:8:1$kY2hMJLnlyhrGBKf$8b80fbf44ffca544ede7dbc958fdd8ffd7b7b197ed169be7843b77c5ad610c1758af16aa2189ceb3b533b69694f9c28e4604528aa9c7ac43ffe5e61e7a1c0bad
Pope Francis,1be6b6df-d5f3-4d82-9e15-c3a8c78607dd,scrypt:32768:8:1$3RRSiGRjrILmWEK1$c6c1656b2ae1a1f41228b1e9ca96a2a804c64a9a9c02c8c5d1f9fd550b8303c420545bf527db1d0d9600fe9d1daaf8e3a992c438918059191876fc02b0318195
Bill Gates,86eb2b6c-1771-4533-9bd8-fca4f83fe61a,scrypt:32768:8:1$H01mKUvcUxMM0QHY$e1e748dc7b39a72dc808000366dcfc28f830aa7fc0a6c4ec764393a613b2711009afcddda2b0066b1c29359fbbd89d0f4f259521bc21a2c5c58e0d87e2162e49
Igor Krbavcic,4492f2b4-b91c-4831-abfd-1ad211497cff,scrypt:32768:8:1$3VHZZtHnhcdxgKPL$6497fd309b448cd5689f3c244af015e7afd8eccd5872db4f6f16ddc6d8dd8ee3f98f1e107ced3790e41bf5c215280cd96defa5e43d085a6ec2c12b63447a72a2
Marie Kondo,9c89c702-6c61-49c8-9f0c-47b8e4e84e4b,scrypt:32768:8:1$pwkdrshyOz57PrCG$7d0cce4bac407c8c48c1a18cc0d305ae6731e83258ef475d1912929e87e7e35965e30ec492084667005bb32ef2bdb889f4cdad574e70238a2f522f42904e9e03
Richard Branson,2d10e93b-163f-40f0-9b77-1de15e2b5d0c,scrypt:32768:8:1$Al4ehoSGl6izZZuM$eb2c5c9b7888b9a716ecfb028b33e45202b654b50c2b77ac479a4bc4a4d7a6fa2ab3100300faa89901c7ab4ba635160251ff3cb30669cd5382660e61a548b1c3
Barack Obama,642932c8-63fe-4f06-91c9-0e7e6d8b0756,scrypt:32768:8:1$IRMiLnIDfLFTfvJ9$72d842c0ce2bec789afd993dbed9f6fc4076a9effcbf587e4009b17f076cdf85c9fd8f4ff88bbe6633160057d186f8543ff618485f7a748414a302550e8f94c8
Morgan Freeman,84a8f453-80f4-408f-b692-01bfcfeb7b10,scrypt:32768:8:1$8HcnEJvtGlwcNEI5$1169671a24d2767e1a1ff09d258b56fcd21c0542008e43d9cbe0d6c9c599f945c2bed28c676a4d23caccaaf9525098387f5fa5637fea03ad49808a1ce12fc282
Oprah Winfrey,20bb3797-b82c-4a7b-b3e5-c726ce2a19cd,scrypt:32768:8:1$1lIaCQhl8zCk0ICX$221de13de7685f70d2f23dd47afec612d6cbe645a023dbf3067669271a2c40795bbf99bae432e4a536208587adf60856a70da4ae073317c5bc9b9e92181a8da1
